Workbook

Sheet Students
A1: student_id | B1: fullName | C1: gender | D1: birthdate | E1: age | F1: course | G1: contactNumber | H1: email
A2: 100000 | B2: Alex Santos | C2: Male | D2: 2006-01-10 | E2: =IF(D2="","",DATEDIF(D2,TODAY(),"Y")) -> 20 | F2: BSIT | G2: 09277125461 | H2: student100000@torneros.edu.ph
A3: 100001 | B3: Alex Garcia | C3: Female | D3: 2005-02-11 | E3: =IF(D3="","",DATEDIF(D3,TODAY(),"Y")) -> 20 | F3: BSCS | G3: 09761393220 | H3: student100001@torneros.edu.ph
A4: 100002 | B4: Alex Reyes | C4: Male | D4: 2004-03-12 | E4: =IF(D4="","",DATEDIF(D4,TODAY(),"Y")) -> 21 | F4: BSIT | G4: 09189795489 | H4: student100002@torneros.edu.ph
A5: 100003 | B5: Alex Cruz | C5: Female | D5: 2003-04-13 | E5: =IF(D5="","",DATEDIF(D5,TODAY(),"Y")) -> 22 | F5: BSIT | G5: 09730730038 | H5: student100003@torneros.edu.ph
A6: 100004 | B6: Alex Lopez | C6: Male | D6: 2002-05-14 | E6: =IF(D6="","",DATEDIF(D6,TODAY(),"Y")) -> 23 | F6: BSCS | G6: 09947623901 | H6: student100004@torneros.edu.ph
A7: 100005 | B7: Alex Flores | C7: Female | D7: 2006-06-15 | E7: =IF(D7="","",DATEDIF(D7,TODAY(),"Y")) -> 19 | F7: BSIT | G7: 09217809857 | H7: student100005@torneros.edu.ph
A8: 100006 | B8: Alex Ramos | C8: Male | D8: 2005-07-16 | E8: =IF(D8="","",DATEDIF(D8,TODAY(),"Y")) -> 20 | F8: BSIT | G8: 09713564024 | H8: student100006@torneros.edu.ph
A9: 100007 | B9: Alex Gonzales | C9: Female | D9: 2004-08-17 | E9: =IF(D9="","",DATEDIF(D9,TODAY(),"Y")) -> 21 | F9: BSCS | G9: 09367870536 | H9: student100007@torneros.edu.ph
A10: 100008 | B10: Alex Torres | C10: Male | D10: 2003-09-18 | E10: =IF(D10="","",DATEDIF(D10,TODAY(),"Y")) -> 22 | F10: BSIT | G10: 09171841123 | H10: student100008@torneros.edu.ph
A11: 100009 | B11: Alex Rivera | C11: Female | D11: 2002-01-19 | E11: =IF(D11="","",DATEDIF(D11,TODAY(),"Y")) -> 24 | F11: BSIT | G11: 09399139917 | H11: student100009@torneros.edu.ph
A12: 100010 | B12: Alex Mendoza | C12: Male | D12: 2006-02-10 | E12: =IF(D12="","",DATEDIF(D12,TODAY(),"Y")) -> 19 | F12: BSCS | G12: 09468223775 | H12: student100010@torneros.edu.ph
A13: 100011 | B13: Alex Aquino | C13: Female | D13: 2005-03-11 | E13: =IF(D13="","",DATEDIF(D13,TODAY(),"Y")) -> 20 | F13: BSIT | G13: 09266810976 | H13: student100011@torneros.edu.ph
... A51: 100049 | B51: Dina Garcia | C51: Female | D51: 2002-05-19 | E51: =IF(D51="","",DATEDIF(D51,TODAY(),"Y")) -> 23 | F51: BSCS | G51: 09779226774 | H51: student100049@torneros.edu.ph

Sheet Subjects
A1: student_name | B1: subject_name | C1: prelim | D1: midterm | E1: prefinal | F1: finals | G1: average | H1: GPA | I1: remarks | J1: year_level | K1: semester
A2: =IFERROR(Students!B13, "Student Not Found") -> Alex Aquino | B2: Artificial Intelligence | C2: 75 | D2: 70 | E2: 70 | F2: 70 | G2: =AVERAGE(C2:F2) -> 71.25 | H2: =IF(G2>=96,1,IF(G2>=94,1.25,IF(G2>=91,1.5,IF(G2>=89,1.75,IF(G2>=86,2,IF(G2>=83,2.25,IF(G2>=80,2.5,IF(G2>=77,2.75,IF(G2>=75,3,5))))))))) -> 5 | I2: =IF(H2<=3,"PASSED","FAILED") -> FAILED | J2: 2023-2024 | K2: FIRST
A3: Alex Aquino | B3: Data Structures | C3: 85 | D3: 98 | E3: 77 | F3: 86 | G3: =AVERAGE(C3:F3) -> 86.5 | H3: =IF(G3>=96,1,IF(G3>=94,1.25,IF(G3>=91,1.5,IF(G3>=89,1.75,IF(G3>=86,2,IF(G3>=83,2.25,IF(G3>=80,2.5,IF(G3>=77,2.75,IF(G3>=75,3,5))))))))) -> 2 | I3: =IF(H3<=3,"PASSED","FAILED") -> PASSED | J3: 2023-2024 | K3: FIRST
A4: Alex Aquino | B4: Database Systems | C4: 97 | D4: 98 | E4: 96 | F4: 78 | G4: =AVERAGE(C4:F4) -> 92.25 | H4: =IF(G4>=96,1,IF(G4>=94,1.25,IF(G4>=91,1.5,IF(G4>=89,1.75,IF(G4>=86,2,IF(G4>=83,2.25,IF(G4>=80,2.5,IF(G4>=77,2.75,IF(G4>=75,3,5))))))))) -> 1.5 | I4: =IF(H4<=3,"PASSED","FAILED") -> PASSED | J4: 2023-2024 | K4: SECOND
A5: Alex Aquino | B5: Discrete Mathematics | C5: 79 | D5: 81 | E5: 76 | F5: 98 | G5: =AVERAGE(C5:F5) -> 83.5 | H5: =IF(G5>=96,1,IF(G5>=94,1.25,IF(G5>=91,1.5,IF(G5>=89,1.75,IF(G5>=86,2,IF(G5>=83,2.25,IF(G5>=80,2.5,IF(G5>=77,2.75,IF(G5>=75,3,5))))))))) -> 2.25 | I5: =IF(H5<=3,"PASSED","FAILED") -> PASSED | J5: 2025-2026 | K5: FIRST
A6: Alex Aquino | B6: Introduction to Computing | C6: 80 | D6: 90 | E6: 93 | F6: 96 | G6: =AVERAGE(C6:F6) -> 89.75 | H6: =IF(G6>=96,1,IF(G6>=94,1.25,IF(G6>=91,1.5,IF(G6>=89,1.75,IF(G6>=86,2,IF(G6>=83,2.25,IF(G6>=80,2.5,IF(G6>=77,2.75,IF(G6>=75,3,5))))))))) -> 1.75 | I6: =IF(H6<=3,"PASSED","FAILED") -> PASSED | J6: 2023-2024 | K6: FIRST
A7: Alex Aquino | B7: Mobile App Dev | C7: 91 | D7: 86 | E7: 92 | F7: 89 | G7: =AVERAGE(C7:F7) -> 89.5 | H7: =IF(G7>=96,1,IF(G7>=94,1.25,IF(G7>=91,1.5,IF(G7>=89,1.75,IF(G7>=86,2,IF(G7>=83,2.25,IF(G7>=80,2.5,IF(G7>=77,2.75,IF(G7>=75,3,5))))))))) -> 1.75 | I7: =IF(H7<=3,"PASSED","FAILED") -> PASSED | J7: 2023-2024 | K7: FIRST
A8: Alex Aquino | B8: Programming 1 | C8: 82 | D8: 76 | E8: 80 | F8: 80 | G8: =AVERAGE(C8:F8) -> 79.5 | H8: =IF(G8>=96,1,IF(G8>=94,1.25,IF(G8>=91,1.5,IF(G8>=89,1.75,IF(G8>=86,2,IF(G8>=83,2.25,IF(G8>=80,2.5,IF(G8>=77,2.75,IF(G8>=75,3,5))))))))) -> 2.75 | I8: =IF(H8<=3,"PASSED","FAILED") -> PASSED | J8: 2024-2025 | K8: SECOND
A9: Alex Aquino | B9: Software Engineering | C9: 89 | D9: 85 | E9: 78 | F9: 94 | G9: 86.5 | H9: =IF(G9>=96,1,IF(G9>=94,1.25,IF(G9>=91,1.5,IF(G9>=89,1.75,IF(G9>=86,2,IF(G9>=83,2.25,IF(G9>=80,2.5,IF(G9>=77,2.75,IF(G9>=75,3,5))))))))) -> 2 | I9: PASSED | J9: 2023-2024 | K9: FIRST
A10: Alex Aquino | B10: Web Development | C10: 89 | D10: 85 | E10: 78 | F10: 94 | G10: 86.5 | H10: =IF(G10>=96,1,IF(G10>=94,1.25,IF(G10>=91,1.5,IF(G10>=89,1.75,IF(G10>=86,2,IF(G10>=83,2.25,IF(G10>=80,2.5,IF(G10>=77,2.75,IF(G10>=75,3,5))))))))) -> 2 | I10: PASSED | J10: 2023-2024 | K10: FIRST
A11: =IFERROR(Students!B15, "Student Not Found") -> Alex Castro | B11: Artificial Intelligence | C11: 81 | D11: 88 | E11: 79 | F11: 90 | G11: =AVERAGE(C11:F11) -> 84.5 | H11: =IF(G11>=96,1,IF(G11>=94,1.25,IF(G11>=91,1.5,IF(G11>=89,1.75,IF(G11>=86,2,IF(G11>=83,2.25,IF(G11>=80,2.5,IF(G11>=77,2.75,IF(G11>=75,3,5))))))))) -> 2.25 | I11: =IF(H11<=3,"PASSED","FAILED") -> PASSED | J11: 2023-2024 | K11: SECOND
A12: Alex Castro | B12: Data Structures | C12: 75 | D12: 76 | E12: 94 | F12: 80 | G12: =AVERAGE(C12:F12) -> 81.25 | H12: =IF(G12>=96,1,IF(G12>=94,1.25,IF(G12>=91,1.5,IF(G12>=89,1.75,IF(G12>=86,2,IF(G12>=83,2.25,IF(G12>=80,2.5,IF(G12>=77,2.75,IF(G12>=75,3,5))))))))) -> 2.5 | I12: =IF(H12<=3,"PASSED","FAILED") -> PASSED | J12: 2023-2024 | K12: FIRST
A13: Alex Castro | B13: Database Systems | C13: 86 | D13: 88 | E13: 82 | F13: 80 | G13: =AVERAGE(C13:F13) -> 84 | H13: =IF(G13>=96,1,IF(G13>=94,1.25,IF(G13>=91,1.5,IF(G13>=89,1.75,IF(G13>=86,2,IF(G13>=83,2.25,IF(G13>=80,2.5,IF(G13>=77,2.75,IF(G13>=75,3,5))))))))) -> 2.25 | I13: =IF(H13<=3,"PASSED","FAILED") -> PASSED | J13: 2023-2024 | K13: SECOND
A14: Alex Castro | B14: Discrete Mathematics | C14: 87 | D14: 98 | E14: 86 | F14: 91 | G14: =AVERAGE(C14:F14) -> 90.5 | H14: =IF(G14>=96,1,IF(G14>=94,1.25,IF(G14>=91,1.5,IF(G14>=89,1.75,IF(G14>=86,2,IF(G14>=83,2.25,IF(G14>=80,2.5,IF(G14>=77,2.75,IF(G14>=75,3,5))))))))) -> 1.75 | I14: =IF(H14<=3,"PASSED","FAILED") -> PASSED | J14: 2023-2024 | K14: FIRST
A15: Alex Castro | B15: Introduction to Computing | C15: 89 | D15: 82 | E15: 76 | F15: 83 | G15: =AVERAGE(C15:F15) -> 82.5 | H15: =IF(G15>=96,1,IF(G15>=94,1.25,IF(G15>=91,1.5,IF(G15>=89,1.75,IF(G15>=86,2,IF(G15>=83,2.25,IF(G15>=80,2.5,IF(G15>=77,2.75,IF(G15>=75,3,5))))))))) -> 2.5 | I15: =IF(H15<=3,"PASSED","FAILED") -> PASSED | J15: 2024-2025 | K15: SECOND
A16: Alex Castro | B16: Mobile App Dev | C16: 94 | D16: 81 | E16: 97 | F16: 99 | G16: =AVERAGE(C16:F16) -> 92.75 | H16: =IF(G16>=96,1,IF(G16>=94,1.25,IF(G16>=91,1.5,IF(G16>=89,1.75,IF(G16>=86,2,IF(G16>=83,2.25,IF(G16>=80,2.5,IF(G16>=77,2.75,IF(G16>=75,3,5))))))))) -> 1.5 | I16: =IF(H16<=3,"PASSED","FAILED") -> PASSED | J16: 2025-2026 | K16: SECOND
A17: Alex Castro | B17: Programming 1 | C17: 91 | D17: 98 | E17: 91 | F17: 96 | G17: =AVERAGE(C17:F17) -> 94 | H17: =IF(G17>=96,1,IF(G17>=94,1.25,IF(G17>=91,1.5,IF(G17>=89,1.75,IF(G17>=86,2,IF(G17>=83,2.25,IF(G17>=80,2.5,IF(G17>=77,2.75,IF(G17>=75,3,5))))))))) -> 1.25 | I17: =IF(H17<=3,"PASSED","FAILED") -> PASSED | J17: 2023-2024 | K17: FIRST
A18: Alex Castro | B18: Software Engineering | C18: 92 | D18: 75 | E18: 75 | F18: 98 | G18: 85 | H18: =IF(G18>=96,1,IF(G18>=94,1.25,IF(G18>=91,1.5,IF(G18>=89,1.75,IF(G18>=86,2,IF(G18>=83,2.25,IF(G18>=80,2.5,IF(G18>=77,2.75,IF(G18>=75,3,5))))))))) -> 2.25 | I18: PASSED | J18: 2025-2026 | K18: FIRST
A19: Alex Castro | B19: Web Development | C19: 92 | D19: 75 | E19: 75 | F19: 98 | G19: 85 | H19: =IF(G19>=96,1,IF(G19>=94,1.25,IF(G19>=91,1.5,IF(G19>=89,1.75,IF(G19>=86,2,IF(G19>=83,2.25,IF(G19>=80,2.5,IF(G19>=77,2.75,IF(G19>=75,3,5))))))))) -> 2.25 | I19: PASSED | J19: 2025-2026 | K19: FIRST
A20: =IFERROR(Students!B5, "Student Not Found") -> Alex Cruz | B20: Artificial Intelligence | C20: 76 | D20: 93 | E20: 83 | F20: 80 | G20: =AVERAGE(C20:F20) -> 83 | H20: =IF(G20>=96,1,IF(G20>=94,1.25,IF(G20>=91,1.5,IF(G20>=89,1.75,IF(G20>=86,2,IF(G20>=83,2.25,IF(G20>=80,2.5,IF(G20>=77,2.75,IF(G20>=75,3,5))))))))) -> 2.25 | I20: =IF(H20<=3,"PASSED","FAILED") -> PASSED | J20: 2024-2025 | K20: SECOND
A21: Alex Cruz | B21: Data Structures | C21: 92 | D21: 86 | E21: 96 | F21: 87 | G21: =AVERAGE(C21:F21) -> 90.25 | H21: =IF(G21>=96,1,IF(G21>=94,1.25,IF(G21>=91,1.5,IF(G21>=89,1.75,IF(G21>=86,2,IF(G21>=83,2.25,IF(G21>=80,2.5,IF(G21>=77,2.75,IF(G21>=75,3,5))))))))) -> 1.75 | I21: =IF(H21<=3,"PASSED","FAILED") -> PASSED | J21: 2024-2025 | K21: SECOND
A22: Alex Cruz | B22: Database Systems | C22: 84 | D22: 95 | E22: 99 | F22: 81 | G22: =AVERAGE(C22:F22) -> 89.75 | H22: =IF(G22>=96,1,IF(G22>=94,1.25,IF(G22>=91,1.5,IF(G22>=89,1.75,IF(G22>=86,2,IF(G22>=83,2.25,IF(G22>=80,2.5,IF(G22>=77,2.75,IF(G22>=75,3,5))))))))) -> 1.75 | I22: =IF(H22<=3,"PASSED","FAILED") -> PASSED | J22: 2023-2024 | K22: SECOND
A23: Alex Cruz | B23: Discrete Mathematics | C23: 83 | D23: 89 | E23: 96 | F23: 81 | G23: =AVERAGE(C23:F23) -> 87.25 | H23: =IF(G23>=96,1,IF(G23>=94,1.25,IF(G23>=91,1.5,IF(G23>=89,1.75,IF(G23>=86,2,IF(G23>=83,2.25,IF(G23>=80,2.5,IF(G23>=77,2.75,IF(G23>=75,3,5))))))))) -> 2 | I23: =IF(H23<=3,"PASSED","FAILED") -> PASSED | J23: 2023-2024 | K23: SECOND
A24: Alex Cruz | B24: Introduction to Computing | C24: 98 | D24: 86 | E24: 98 | F24: 98 | G24: =AVERAGE(C24:F24) -> 95 | H24: =IF(G24>=96,1,IF(G24>=94,1.25,IF(G24>=91,1.5,IF(G24>=89,1.75,IF(G24>=86,2,IF(G24>=83,2.25,IF(G24>=80,2.5,IF(G24>=77,2.75,IF(G24>=75,3,5))))))))) -> 1.25 | I24: =IF(H24<=3,"PASSED","FAILED") -> PASSED | J24: 2023-2024 | K24: FIRST
A25: Alex Cruz | B25: Mobile App Dev | C25: 81 | D25: 97 | E25: 80 | F25: 78 | G25: =AVERAGE(C25:F25) -> 84 | H25: =IF(G25>=96,1,IF(G25>=94,1.25,IF(G25>=91,1.5,IF(G25>=89,1.75,IF(G25>=86,2,IF(G25>=83,2.25,IF(G25>=80,2.5,IF(G25>=77,2.75,IF(G25>=75,3,5))))))))) -> 2.25 | I25: =IF(H25<=3,"PASSED","FAILED") -> PASSED | J25: 2024-2025 | K25: FIRST
A26: Alex Cruz | B26: Programming 1 | C26: 97 | D26: 75 | E26: 97 | F26: 90 | G26: =AVERAGE(C26:F26) -> 89.75 | H26: =IF(G26>=96,1,IF(G26>=94,1.25,IF(G26>=91,1.5,IF(G26>=89,1.75,IF(G26>=86,2,IF(G26>=83,2.25,IF(G26>=80,2.5,IF(G26>=77,2.75,IF(G26>=75,3,5))))))))) -> 1.75 | I26: =IF(H26<=3,"PASSED","FAILED") -> PASSED | J26: 2025-2026 | K26: SECOND
A27: Alex Cruz | B27: Software Engineering | C27: 82 | D27: 83 | E27: 91 | F27: 98 | G27: 88.5 | H27: =IF(G27>=96,1,IF(G27>=94,1.25,IF(G27>=91,1.5,IF(G27>=89,1.75,IF(G27>=86,2,IF(G27>=83,2.25,IF(G27>=80,2.5,IF(G27>=77,2.75,IF(G27>=75,3,5))))))))) -> 2 | I27: PASSED | J27: 2024-2025 | K27: SECOND
A28: Alex Cruz | B28: Web Development | C28: 82 | D28: 83 | E28: 91 | F28: 98 | G28: 88.5 | H28: =IF(G28>=96,1,IF(G28>=94,1.25,IF(G28>=91,1.5,IF(G28>=89,1.75,IF(G28>=86,2,IF(G28>=83,2.25,IF(G28>=80,2.5,IF(G28>=77,2.75,IF(G28>=75,3,5))))))))) -> 2 | I28: PASSED | J28: 2024-2025 | K28: SECOND
A29: =IFERROR(Students!B16, "Student Not Found") -> Alex Delos Reyes | B29: Artificial Intelligence | C29: 80 | D29: 80 | E29: 88 | F29: 87 | G29: =AVERAGE(C29:F29) -> 83.75 | H29: =IF(G29>=96,1,IF(G29>=94,1.25,IF(G29>=91,1.5,IF(G29>=89,1.75,IF(G29>=86,2,IF(G29>=83,2.25,IF(G29>=80,2.5,IF(G29>=77,2.75,IF(G29>=75,3,5))))))))) -> 2.25 | I29: =IF(H29<=3,"PASSED","FAILED") -> PASSED | J29: 2025-2026 | K29: FIRST
A30: Alex Delos Reyes | B30: Data Structures | C30: 87 | D30: 83 | E30: 77 | F30: 89 | G30: =AVERAGE(C30:F30) -> 84 | H30: =IF(G30>=96,1,IF(G30>=94,1.25,IF(G30>=91,1.5,IF(G30>=89,1.75,IF(G30>=86,2,IF(G30>=83,2.25,IF(G30>=80,2.5,IF(G30>=77,2.75,IF(G30>=75,3,5))))))))) -> 2.25 | I30: =IF(H30<=3,"PASSED","FAILED") -> PASSED | J30: 2024-2025 | K30: FIRST
A31: Alex Delos Reyes | B31: Database Systems | C31: 88 | D31: 93 | E31: 92 | F31: 98 | G31: =AVERAGE(C31:F31) -> 92.75 | H31: =IF(G31>=96,1,IF(G31>=94,1.25,IF(G31>=91,1.5,IF(G31>=89,1.75,IF(G31>=86,2,IF(G31>=83,2.25,IF(G31>=80,2.5,IF(G31>=77,2.75,IF(G31>=75,3,5))))))))) -> 1.5 | I31: =IF(H31<=3,"PASSED","FAILED") -> PASSED | J31: 2023-2024 | K31: FIRST
A32: Alex Delos Reyes | B32: Discrete Mathematics | C32: 93 | D32: 88 | E32: 93 | F32: 78 | G32: =AVERAGE(C32:F32) -> 88 | H32: =IF(G32>=96,1,IF(G32>=94,1.25,IF(G32>=91,1.5,IF(G32>=89,1.75,IF(G32>=86,2,IF(G32>=83,2.25,IF(G32>=80,2.5,IF(G32>=77,2.75,IF(G32>=75,3,5))))))))) -> 2 | I32: =IF(H32<=3,"PASSED","FAILED") -> PASSED | J32: 2024-2025 | K32: FIRST
A33: Alex Delos Reyes | B33: Introduction to Computing | C33: 86 | D33: 87 | E33: 84 | F33: 99 | G33: =AVERAGE(C33:F33) -> 89 | H33: =IF(G33>=96,1,IF(G33>=94,1.25,IF(G33>=91,1.5,IF(G33>=89,1.75,IF(G33>=86,2,IF(G33>=83,2.25,IF(G33>=80,2.5,IF(G33>=77,2.75,IF(G33>=75,3,5))))))))) -> 1.75 | I33: =IF(H33<=3,"PASSED","FAILED") -> PASSED | J33: 2023-2024 | K33: SECOND
A34: Alex Delos Reyes | B34: Mobile App Dev | C34: 86 | D34: 86 | E34: 98 | F34: 91 | G34: =AVERAGE(C34:F34) -> 90.25 | H34: =IF(G34>=96,1,IF(G34>=94,1.25,IF(G34>=91,1.5,IF(G34>=89,1.75,IF(G34>=86,2,IF(G34>=83,2.25,IF(G34>=80,2.5,IF(G34>=77,2.75,IF(G34>=75,3,5))))))))) -> 1.75 | I34: =IF(H34<=3,"PASSED","FAILED") -> PASSED | J34: 2023-2024 | K34: FIRST
A35: Alex Delos Reyes | B35: Programming 1 | C35: 83 | D35: 75 | E35: 77 | F35: 75 | G35: =AVERAGE(C35:F35) -> 77.5 | H35: =IF(G35>=96,1,IF(G35>=94,1.25,IF(G35>=91,1.5,IF(G35>=89,1.75,IF(G35>=86,2,IF(G35>=83,2.25,IF(G35>=80,2.5,IF(G35>=77,2.75,IF(G35>=75,3,5))))))))) -> 2.75 | I35: =IF(H35<=3,"PASSED","FAILED") -> PASSED | J35: 2024-2025 | K35: SECOND
A36: Alex Delos Reyes | B36: Software Engineering | C36: 79 | D36: 84 | E36: 87 | F36: 78 | G36: 82 | H36: =IF(G36>=96,1,IF(G36>=94,1.25,IF(G36>=91,1.5,IF(G36>=89,1.75,IF(G36>=86,2,IF(G36>=83,2.25,IF(G36>=80,2.5,IF(G36>=77,2.75,IF(G36>=75,3,5))))))))) -> 2.5 | I36: PASSED | J36: 2025-2026 | K36: FIRST
A37: Alex Delos Reyes | B37: Web Development | C37: 79 | D37: 84 | E37: 87 | F37: 78 | G37: 82 | H37: =IF(G37>=96,1,IF(G37>=94,1.25,IF(G37>=91,1.5,IF(G37>=89,1.75,IF(G37>=86,2,IF(G37>=83,2.25,IF(G37>=80,2.5,IF(G37>=77,2.75,IF(G37>=75,3,5))))))))) -> 2.5 | I37: PASSED | J37: 2025-2026 | K37: FIRST
A38: =IFERROR(Students!B7, "Student Not Found") -> Alex Flores | B38: Artificial Intelligence | C38: 75 | D38: 91 | E38: 80 | F38: 87 | G38: =AVERAGE(C38:F38) -> 83.25 | H38: =IF(G38>=96,1,IF(G38>=94,1.25,IF(G38>=91,1.5,IF(G38>=89,1.75,IF(G38>=86,2,IF(G38>=83,2.25,IF(G38>=80,2.5,IF(G38>=77,2.75,IF(G38>=75,3,5))))))))) -> 2.25 | I38: =IF(H38<=3,"PASSED","FAILED") -> PASSED | J38: 2024-2025 | K38: SECOND
A39: Alex Flores | B39: Data Structures | C39: 99 | D39: 85 | E39: 83 | F39: 87 | G39: =AVERAGE(C39:F39) -> 88.5 | H39: =IF(G39>=96,1,IF(G39>=94,1.25,IF(G39>=91,1.5,IF(G39>=89,1.75,IF(G39>=86,2,IF(G39>=83,2.25,IF(G39>=80,2.5,IF(G39>=77,2.75,IF(G39>=75,3,5))))))))) -> 2 | I39: =IF(H39<=3,"PASSED","FAILED") -> PASSED | J39: 2023-2024 | K39: FIRST
A40: Alex Flores | B40: Database Systems | C40: 94 | D40: 80 | E40: 88 | F40: 90 | G40: =AVERAGE(C40:F40) -> 88 | H40: =IF(G40>=96,1,IF(G40>=94,1.25,IF(G40>=91,1.5,IF(G40>=89,1.75,IF(G40>=86,2,IF(G40>=83,2.25,IF(G40>=80,2.5,IF(G40>=77,2.75,IF(G40>=75,3,5))))))))) -> 2 | I40: =IF(H40<=3,"PASSED","FAILED") -> PASSED | J40: 2024-2025 | K40: SECOND
A41: Alex Flores | B41: Discrete Mathematics | C41: 88 | D41: 93 | E41: 97 | F41: 96 | G41: =AVERAGE(C41:F41) -> 93.5 | H41: =IF(G41>=96,1,IF(G41>=94,1.25,IF(G41>=91,1.5,IF(G41>=89,1.75,IF(G41>=86,2,IF(G41>=83,2.25,IF(G41>=80,2.5,IF(G41>=77,2.75,IF(G41>=75,3,5))))))))) -> 1.5 | I41: =IF(H41<=3,"PASSED","FAILED") -> PASSED | J41: 2023-2024 | K41: SECOND
A42: Alex Flores | B42: Introduction to Computing | C42: 85 | D42: 92 | E42: 78 | F42: 77 | G42: =AVERAGE(C42:F42) -> 83 | H42: =IF(G42>=96,1,IF(G42>=94,1.25,IF(G42>=91,1.5,IF(G42>=89,1.75,IF(G42>=86,2,IF(G42>=83,2.25,IF(G42>=80,2.5,IF(G42>=77,2.75,IF(G42>=75,3,5))))))))) -> 2.25 | I42: =IF(H42<=3,"PASSED","FAILED") -> PASSED | J42: 2023-2024 | K42: FIRST
A43: Alex Flores | B43: Mobile App Dev | C43: 79 | D43: 91 | E43: 81 | F43: 80 | G43: =AVERAGE(C43:F43) -> 82.75 | H43: =IF(G43>=96,1,IF(G43>=94,1.25,IF(G43>=91,1.5,IF(G43>=89,1.75,IF(G43>=86,2,IF(G43>=83,2.25,IF(G43>=80,2.5,IF(G43>=77,2.75,IF(G43>=75,3,5))))))))) -> 2.5 | I43: =IF(H43<=3,"PASSED","FAILED") -> PASSED | J43: 2023-2024 | K43: FIRST
A44: Alex Flores | B44: Programming 1 | C44: 76 | D44: 78 | E44: 76 | F44: 82 | G44: =AVERAGE(C44:F44) -> 78 | H44: =IF(G44>=96,1,IF(G44>=94,1.25,IF(G44>=91,1.5,IF(G44>=89,1.75,IF(G44>=86,2,IF(G44>=83,2.25,IF(G44>=80,2.5,IF(G44>=77,2.75,IF(G44>=75,3,5))))))))) -> 2.75 | I44: =IF(H44<=3,"PASSED","FAILED") -> PASSED | J44: 2024-2025 | K44: SECOND
A45: Alex Flores | B45: Software Engineering | C45: 76 | D45: 91 | E45: 86 | F45: 91 | G45: 86 | H45: =IF(G45>=96,1,IF(G45>=94,1.25,IF(G45>=91,1.5,IF(G45>=89,1.75,IF(G45>=86,2,IF(G45>=83,2.25,IF(G45>=80,2.5,IF(G45>=77,2.75,IF(G45>=75,3,5))))))))) -> 2 | I45: PASSED | J45: 2023-2024 | K45: FIRST
A46: Alex Flores | B46: Web Development | C46: 76 | D46: 91 | E46: 86 | F46: 91 | G46: 86 | H46: =IF(G46>=96,1,IF(G46>=94,1.25,IF(G46>=91,1.5,IF(G46>=89,1.75,IF(G46>=86,2,IF(G46>=83,2.25,IF(G46>=80,2.5,IF(G46>=77,2.75,IF(G46>=75,3,5))))))))) -> 2 | I46: PASSED | J46: 2023-2024 | K46: FIRST
A47: =IFERROR(Students!B3, "Student Not Found") -> Alex Garcia | B47: Artificial Intelligence | C47: 95 | D47: 99 | E47: 91 | F47: 95 | G47: =AVERAGE(C47:F47) -> 95 | H47: =IF(G47>=96,1,IF(G47>=94,1.25,IF(G47>=91,1.5,IF(G47>=89,1.75,IF(G47>=86,2,IF(G47>=83,2.25,IF(G47>=80,2.5,IF(G47>=77,2.75,IF(G47>=75,3,5))))))))) -> 1.25 | I47: =IF(H47<=3,"PASSED","FAILED") -> PASSED | J47: 2023-2024 | K47: FIRST
A48: Alex Garcia | B48: Data Structures | C48: 90 | D48: 96 | E48: 83 | F48: 98 | G48: =AVERAGE(C48:F48) -> 91.75 | H48: =IF(G48>=96,1,IF(G48>=94,1.25,IF(G48>=91,1.5,IF(G48>=89,1.75,IF(G48>=86,2,IF(G48>=83,2.25,IF(G48>=80,2.5,IF(G48>=77,2.75,IF(G48>=75,3,5))))))))) -> 1.5 | I48: =IF(H48<=3,"PASSED","FAILED") -> PASSED | J48: 2023-2024 | K48: FIRST
A49: Alex Garcia | B49: Database Systems | C49: 92 | D49: 80 | E49: 89 | F49: 85 | G49: =AVERAGE(C49:F49) -> 86.5 | H49: =IF(G49>=96,1,IF(G49>=94,1.25,IF(G49>=91,1.5,IF(G49>=89,1.75,IF(G49>=86,2,IF(G49>=83,2.25,IF(G49>=80,2.5,IF(G49>=77,2.75,IF(G49>=75,3,5))))))))) -> 2 | I49: =IF(H49<=3,"PASSED","FAILED") -> PASSED | J49: 2025-2026 | K49: FIRST
A50: Alex Garcia | B50: Discrete Mathematics | C50: 80 | D50: 85 | E50: 77 | F50: 87 | G50: =AVERAGE(C50:F50) -> 82.25 | H50: =IF(G50>=96,1,IF(G50>=94,1.25,IF(G50>=91,1.5,IF(G50>=89,1.75,IF(G50>=86,2,IF(G50>=83,2.25,IF(G50>=80,2.5,IF(G50>=77,2.75,IF(G50>=75,3,5))))))))) -> 2.5 | I50: =IF(H50<=3,"PASSED","FAILED") -> PASSED | J50: 2025-2026 | K50: SECOND
A51: Alex Garcia | B51: Introduction to Computing | C51: 91 | D51: 78 | E51: 78 | F51: 94 | G51: =AVERAGE(C51:F51) -> 85.25 | H51: =IF(G51>=96,1,IF(G51>=94,1.25,IF(G51>=91,1.5,IF(G51>=89,1.75,IF(G51>=86,2,IF(G51>=83,2.25,IF(G51>=80,2.5,IF(G51>=77,2.75,IF(G51>=75,3,5))))))))) -> 2.25 | I51: =IF(H51<=3,"PASSED","FAILED") -> PASSED | J51: 2023-2024 | K51: SECOND
A52: Alex Garcia | B52: Mobile App Dev | C52: 89 | D52: 87 | E52: 87 | F52: 75 | G52: =AVERAGE(C52:F52) -> 84.5 | H52: =IF(G52>=96,1,IF(G52>=94,1.25,IF(G52>=91,1.5,IF(G52>=89,1.75,IF(G52>=86,2,IF(G52>=83,2.25,IF(G52>=80,2.5,IF(G52>=77,2.75,IF(G52>=75,3,5))))))))) -> 2.25 | I52: =IF(H52<=3,"PASSED","FAILED") -> PASSED | J52: 2024-2025 | K52: FIRST
A53: Alex Garcia | B53: Programming 1 | C53: 78 | D53: 86 | E53: 90 | F53: 87 | G53: =AVERAGE(C53:F53) -> 85.25 | H53: =IF(G53>=96,1,IF(G53>=94,1.25,IF(G53>=91,1.5,IF(G53>=89,1.75,IF(G53>=86,2,IF(G53>=83,2.25,IF(G53>=80,2.5,IF(G53>=77,2.75,IF(G53>=75,3,5))))))))) -> 2.25 | I53: =IF(H53<=3,"PASSED","FAILED") -> PASSED | J53: 2024-2025 | K53: FIRST
A54: Alex Garcia | B54: Software Engineering | C54: 81 | D54: 88 | E54: 79 | F54: 90 | G54: 84.5 | H54: =IF(G54>=96,1,IF(G54>=94,1.25,IF(G54>=91,1.5,IF(G54>=89,1.75,IF(G54>=86,2,IF(G54>=83,2.25,IF(G54>=80,2.5,IF(G54>=77,2.75,IF(G54>=75,3,5))))))))) -> 2.25 | I54: PASSED | J54: 2023-2024 | K54: SECOND
A55: Alex Garcia | B55: Web Development | C55: 81 | D55: 88 | E55: 79 | F55: 90 | G55: 84.5 | H55: =IF(G55>=96,1,IF(G55>=94,1.25,IF(G55>=91,1.5,IF(G55>=89,1.75,IF(G55>=86,2,IF(G55>=83,2.25,IF(G55>=80,2.5,IF(G55>=77,2.75,IF(G55>=75,3,5))))))))) -> 2.25 | I55: PASSED | J55: 2023-2024 | K55: SECOND
A56: =IFERROR(Students!B9, "Student Not Found") -> Alex Gonzales | B56: Artificial Intelligence | C56: 88 | D56: 94 | E56: 93 | F56: 83 | G56: =AVERAGE(C56:F56) -> 89.5 | H56: =IF(G56>=96,1,IF(G56>=94,1.25,IF(G56>=91,1.5,IF(G56>=89,1.75,IF(G56>=86,2,IF(G56>=83,2.25,IF(G56>=80,2.5,IF(G56>=77,2.75,IF(G56>=75,3,5))))))))) -> 1.75 | I56: =IF(H56<=3,"PASSED","FAILED") -> PASSED | J56: 2025-2026 | K56: SECOND
A57: Alex Gonzales | B57: Data Structures | C57: 86 | D57: 96 | E57: 89 | F57: 96 | G57: =AVERAGE(C57:F57) -> 91.75 | H57: =IF(G57>=96,1,IF(G57>=94,1.25,IF(G57>=91,1.5,IF(G57>=89,1.75,IF(G57>=86,2,IF(G57>=83,2.25,IF(G57>=80,2.5,IF(G57>=77,2.75,IF(G57>=75,3,5))))))))) -> 1.5 | I57: =IF(H57<=3,"PASSED","FAILED") -> PASSED | J57: 2023-2024 | K57: SECOND
A58: Alex Gonzales | B58: Database Systems | C58: 97 | D58: 87 | E58: 83 | F58: 83 | G58: =AVERAGE(C58:F58) -> 87.5 | H58: =IF(G58>=96,1,IF(G58>=94,1.25,IF(G58>=91,1.5,IF(G58>=89,1.75,IF(G58>=86,2,IF(G58>=83,2.25,IF(G58>=80,2.5,IF(G58>=77,2.75,IF(G58>=75,3,5))))))))) -> 2 | I58: =IF(H58<=3,"PASSED","FAILED") -> PASSED | J58: 2024-2025 | K58: FIRST
A59: Alex Gonzales | B59: Discrete Mathematics | C59: 76 | D59: 85 | E59: 87 | F59: 86 | G59: =AVERAGE(C59:F59) -> 83.5 | H59: =IF(G59>=96,1,IF(G59>=94,1.25,IF(G59>=91,1.5,IF(G59>=89,1.75,IF(G59>=86,2,IF(G59>=83,2.25,IF(G59>=80,2.5,IF(G59>=77,2.75,IF(G59>=75,3,5))))))))) -> 2.25 | I59: =IF(H59<=3,"PASSED","FAILED") -> PASSED | J59: 2023-2024 | K59: FIRST
A60: Alex Gonzales | B60: Introduction to Computing | C60: 76 | D60: 79 | E60: 92 | F60: 93 | G60: =AVERAGE(C60:F60) -> 85 | H60: =IF(G60>=96,1,IF(G60>=94,1.25,IF(G60>=91,1.5,IF(G60>=89,1.75,IF(G60>=86,2,IF(G60>=83,2.25,IF(G60>=80,2.5,IF(G60>=77,2.75,IF(G60>=75,3,5))))))))) -> 2.25 | I60: =IF(H60<=3,"PASSED","FAILED") -> PASSED | J60: 2023-2024 | K60: FIRST
A61: Alex Gonzales | B61: Mobile App Dev | C61: 75 | D61: 98 | E61: 97 | F61: 88 | G61: =AVERAGE(C61:F61) -> 89.5 | H61: =IF(G61>=96,1,IF(G61>=94,1.25,IF(G61>=91,1.5,IF(G61>=89,1.75,IF(G61>=86,2,IF(G61>=83,2.25,IF(G61>=80,2.5,IF(G61>=77,2.75,IF(G61>=75,3,5))))))))) -> 1.75 | I61: =IF(H61<=3,"PASSED","FAILED") -> PASSED | J61: 2024-2025 | K61: FIRST
A62: Alex Gonzales | B62: Programming 1 | C62: 78 | D62: 80 | E62: 82 | F62: 81 | G62: =AVERAGE(C62:F62) -> 80.25 | H62: =IF(G62>=96,1,IF(G62>=94,1.25,IF(G62>=91,1.5,IF(G62>=89,1.75,IF(G62>=86,2,IF(G62>=83,2.25,IF(G62>=80,2.5,IF(G62>=77,2.75,IF(G62>=75,3,5))))))))) -> 2.5 | I62: =IF(H62<=3,"PASSED","FAILED") -> PASSED | J62: 2024-2025 | K62: FIRST
A63: Alex Gonzales | B63: Software Engineering | C63: 92 | D63: 99 | E63: 79 | F63: 75 | G63: 86.25 | H63: =IF(G63>=96,1,IF(G63>=94,1.25,IF(G63>=91,1.5,IF(G63>=89,1.75,IF(G63>=86,2,IF(G63>=83,2.25,IF(G63>=80,2.5,IF(G63>=77,2.75,IF(G63>=75,3,5))))))))) -> 2 | I63: PASSED | J63: 2023-2024 | K63: SECOND
A64: Alex Gonzales | B64: Web Development | C64: 92 | D64: 99 | E64: 79 | F64: 75 | G64: 86.25 | H64: =IF(G64>=96,1,IF(G64>=94,1.25,IF(G64>=91,1.5,IF(G64>=89,1.75,IF(G64>=86,2,IF(G64>=83,2.25,IF(G64>=80,2.5,IF(G64>=77,2.75,IF(G64>=75,3,5))))))))) -> 2 | I64: PASSED | J64: 2023-2024 | K64: SECOND
A65: =IFERROR(Students!B6, "Student Not Found") -> Alex Lopez | B65: Artificial Intelligence | C65: 86 | D65: 84 | E65: 84 | F65: 90 | G65: =AVERAGE(C65:F65) -> 86 | H65: =IF(G65>=96,1,IF(G65>=94,1.25,IF(G65>=91,1.5,IF(G65>=89,1.75,IF(G65>=86,2,IF(G65>=83,2.25,IF(G65>=80,2.5,IF(G65>=77,2.75,IF(G65>=75,3,5))))))))) -> 2 | I65: =IF(H65<=3,"PASSED","FAILED") -> PASSED | J65: 2024-2025 | K65: SECOND
A66: Alex Lopez | B66: Data Structures | C66: 78 | D66: 79 | E66: 87 | F66: 81 | G66: =AVERAGE(C66:F66) -> 81.25 | H66: =IF(G66>=96,1,IF(G66>=94,1.25,IF(G66>=91,1.5,IF(G66>=89,1.75,IF(G66>=86,2,IF(G66>=83,2.25,IF(G66>=80,2.5,IF(G66>=77,2.75,IF(G66>=75,3,5))))))))) -> 2.5 | I66: =IF(H66<=3,"PASSED","FAILED") -> PASSED | J66: 2025-2026 | K66: FIRST
A67: Alex Lopez | B67: Database Systems | C67: 97 | D67: 90 | E67: 92 | F67: 90 | G67: =AVERAGE(C67:F67) -> 92.25 | H67: =IF(G67>=96,1,IF(G67>=94,1.25,IF(G67>=91,1.5,IF(G67>=89,1.75,IF(G67>=86,2,IF(G67>=83,2.25,IF(G67>=80,2.5,IF(G67>=77,2.75,IF(G67>=75,3,5))))))))) -> 1.5 | I67: =IF(H67<=3,"PASSED","FAILED") -> PASSED | J67: 2025-2026 | K67: SECOND
A68: Alex Lopez | B68: Discrete Mathematics | C68: 90 | D68: 88 | E68: 77 | F68: 87 | G68: =AVERAGE(C68:F68) -> 85.5 | H68: =IF(G68>=96,1,IF(G68>=94,1.25,IF(G68>=91,1.5,IF(G68>=89,1.75,IF(G68>=86,2,IF(G68>=83,2.25,IF(G68>=80,2.5,IF(G68>=77,2.75,IF(G68>=75,3,5))))))))) -> 2.25 | I68: =IF(H68<=3,"PASSED","FAILED") -> PASSED | J68: 2025-2026 | K68: SECOND
A69: Alex Lopez | B69: Introduction to Computing | C69: 83 | D69: 92 | E69: 75 | F69: 96 | G69: =AVERAGE(C69:F69) -> 86.5 | H69: =IF(G69>=96,1,IF(G69>=94,1.25,IF(G69>=91,1.5,IF(G69>=89,1.75,IF(G69>=86,2,IF(G69>=83,2.25,IF(G69>=80,2.5,IF(G69>=77,2.75,IF(G69>=75,3,5))))))))) -> 2 | I69: =IF(H69<=3,"PASSED","FAILED") -> PASSED | J69: 2023-2024 | K69: FIRST
A70: Alex Lopez | B70: Mobile App Dev | C70: 94 | D70: 89 | E70: 76 | F70: 88 | G70: =AVERAGE(C70:F70) -> 86.75 | H70: =IF(G70>=96,1,IF(G70>=94,1.25,IF(G70>=91,1.5,IF(G70>=89,1.75,IF(G70>=86,2,IF(G70>=83,2.25,IF(G70>=80,2.5,IF(G70>=77,2.75,IF(G70>=75,3,5))))))))) -> 2 | I70: =IF(H70<=3,"PASSED","FAILED") -> PASSED | J70: 2024-2025 | K70: SECOND
A71: Alex Lopez | B71: Programming 1 | C71: 86 | D71: 84 | E71: 77 | F71: 83 | G71: =AVERAGE(C71:F71) -> 82.5 | H71: =IF(G71>=96,1,IF(G71>=94,1.25,IF(G71>=91,1.5,IF(G71>=89,1.75,IF(G71>=86,2,IF(G71>=83,2.25,IF(G71>=80,2.5,IF(G71>=77,2.75,IF(G71>=75,3,5))))))))) -> 2.5 | I71: =IF(H71<=3,"PASSED","FAILED") -> PASSED | J71: 2023-2024 | K71: SECOND
A72: Alex Lopez | B72: Software Engineering | C72: 85 | D72: 96 | E72: 93 | F72: 81 | G72: 88.75 | H72: =IF(G72>=96,1,IF(G72>=94,1.25,IF(G72>=91,1.5,IF(G72>=89,1.75,IF(G72>=86,2,IF(G72>=83,2.25,IF(G72>=80,2.5,IF(G72>=77,2.75,IF(G72>=75,3,5))))))))) -> 2 | I72: PASSED | J72: 2024-2025 | K72: SECOND
A73: Alex Lopez | B73: Web Development | C73: 85 | D73: 96 | E73: 93 | F73: 81 | G73: 88.75 | H73: =IF(G73>=96,1,IF(G73>=94,1.25,IF(G73>=91,1.5,IF(G73>=89,1.75,IF(G73>=86,2,IF(G73>=83,2.25,IF(G73>=80,2.5,IF(G73>=77,2.75,IF(G73>=75,3,5))))))))) -> 2 | I73: PASSED | J73: 2024-2025 | K73: SECOND
A74: =IFERROR(Students!B12, "Student Not Found") -> Alex Mendoza | B74: Artificial Intelligence | C74: 77 | D74: 92 | E74: 84 | F74: 91 | G74: =AVERAGE(C74:F74) -> 86 | H74: =IF(G74>=96,1,IF(G74>=94,1.25,IF(G74>=91,1.5,IF(G74>=89,1.75,IF(G74>=86,2,IF(G74>=83,2.25,IF(G74>=80,2.5,IF(G74>=77,2.75,IF(G74>=75,3,5))))))))) -> 2 | I74: =IF(H74<=3,"PASSED","FAILED") -> PASSED | J74: 2024-2025 | K74: SECOND
A75: Alex Mendoza | B75: Data Structures | C75: 75 | D75: 96 | E75: 90 | F75: 79 | G75: =AVERAGE(C75:F75) -> 85 | H75: =IF(G75>=96,1,IF(G75>=94,1.25,IF(G75>=91,1.5,IF(G75>=89,1.75,IF(G75>=86,2,IF(G75>=83,2.25,IF(G75>=80,2.5,IF(G75>=77,2.75,IF(G75>=75,3,5))))))))) -> 2.25 | I75: =IF(H75<=3,"PASSED","FAILED") -> PASSED | J75: 2023-2024 | K75: SECOND
A76: Alex Mendoza | B76: Database Systems | C76: 84 | D76: 82 | E76: 85 | F76: 92 | G76: =AVERAGE(C76:F76) -> 85.75 | H76: =IF(G76>=96,1,IF(G76>=94,1.25,IF(G76>=91,1.5,IF(G76>=89,1.75,IF(G76>=86,2,IF(G76>=83,2.25,IF(G76>=80,2.5,IF(G76>=77,2.75,IF(G76>=75,3,5))))))))) -> 2.25 | I76: =IF(H76<=3,"PASSED","FAILED") -> PASSED | J76: 2025-2026 | K76: FIRST
A77: Alex Mendoza | B77: Discrete Mathematics | C77: 97 | D77: 91 | E77: 81 | F77: 89 | G77: =AVERAGE(C77:F77) -> 89.5 | H77: =IF(G77>=96,1,IF(G77>=94,1.25,IF(G77>=91,1.5,IF(G77>=89,1.75,IF(G77>=86,2,IF(G77>=83,2.25,IF(G77>=80,2.5,IF(G77>=77,2.75,IF(G77>=75,3,5))))))))) -> 1.75 | I77: =IF(H77<=3,"PASSED","FAILED") -> PASSED | J77: 2023-2024 | K77: SECOND
A78: Alex Mendoza | B78: Introduction to Computing | C78: 90 | D78: 91 | E78: 91 | F78: 93 | G78: =AVERAGE(C78:F78) -> 91.25 | H78: =IF(G78>=96,1,IF(G78>=94,1.25,IF(G78>=91,1.5,IF(G78>=89,1.75,IF(G78>=86,2,IF(G78>=83,2.25,IF(G78>=80,2.5,IF(G78>=77,2.75,IF(G78>=75,3,5))))))))) -> 1.5 | I78: =IF(H78<=3,"PASSED","FAILED") -> PASSED | J78: 2024-2025 | K78: SECOND
A79: Alex Mendoza | B79: Mobile App Dev | C79: 97 | D79: 83 | E79: 78 | F79: 85 | G79: =AVERAGE(C79:F79) -> 85.75 | H79: =IF(G79>=96,1,IF(G79>=94,1.25,IF(G79>=91,1.5,IF(G79>=89,1.75,IF(G79>=86,2,IF(G79>=83,2.25,IF(G79>=80,2.5,IF(G79>=77,2.75,IF(G79>=75,3,5))))))))) -> 2.25 | I79: =IF(H79<=3,"PASSED","FAILED") -> PASSED | J79: 2023-2024 | K79: FIRST
A80: Alex Mendoza | B80: Programming 1 | C80: 85 | D80: 81 | E80: 92 | F80: 92 | G80: =AVERAGE(C80:F80) -> 87.5 | H80: =IF(G80>=96,1,IF(G80>=94,1.25,IF(G80>=91,1.5,IF(G80>=89,1.75,IF(G80>=86,2,IF(G80>=83,2.25,IF(G80>=80,2.5,IF(G80>=77,2.75,IF(G80>=75,3,5))))))))) -> 2 | I80: =IF(H80<=3,"PASSED","FAILED") -> PASSED | J80: 2025-2026 | K80: SECOND
A81: Alex Mendoza | B81: Software Engineering | C81: 77 | D81: 76 | E81: 90 | F81: 96 | G81: 84.75 | H81: =IF(G81>=96,1,IF(G81>=94,1.25,IF(G81>=91,1.5,IF(G81>=89,1.75,IF(G81>=86,2,IF(G81>=83,2.25,IF(G81>=80,2.5,IF(G81>=77,2.75,IF(G81>=75,3,5))))))))) -> 2.25 | I81: PASSED | J81: 2023-2024 | K81: SECOND
A82: Alex Mendoza | B82: Web Development | C82: 77 | D82: 76 | E82: 90 | F82: 96 | G82: 84.75 | H82: =IF(G82>=96,1,IF(G82>=94,1.25,IF(G82>=91,1.5,IF(G82>=89,1.75,IF(G82>=86,2,IF(G82>=83,2.25,IF(G82>=80,2.5,IF(G82>=77,2.75,IF(G82>=75,3,5))))))))) -> 2.25 | I82: PASSED | J82: 2023-2024 | K82: SECOND
A83: =IFERROR(Students!B14, "Student Not Found") -> Alex Morales | B83: Artificial Intelligence | C83: 95 | D83: 91 | E83: 94 | F83: 85 | G83: =AVERAGE(C83:F83) -> 91.25 | H83: =IF(G83>=96,1,IF(G83>=94,1.25,IF(G83>=91,1.5,IF(G83>=89,1.75,IF(G83>=86,2,IF(G83>=83,2.25,IF(G83>=80,2.5,IF(G83>=77,2.75,IF(G83>=75,3,5))))))))) -> 1.5 | I83: =IF(H83<=3,"PASSED","FAILED") -> PASSED | J83: 2023-2024 | K83: SECOND
A84: Alex Morales | B84: Data Structures | C84: 92 | D84: 91 | E84: 88 | F84: 86 | G84: =AVERAGE(C84:F84) -> 89.25 | H84: =IF(G84>=96,1,IF(G84>=94,1.25,IF(G84>=91,1.5,IF(G84>=89,1.75,IF(G84>=86,2,IF(G84>=83,2.25,IF(G84>=80,2.5,IF(G84>=77,2.75,IF(G84>=75,3,5))))))))) -> 1.75 | I84: =IF(H84<=3,"PASSED","FAILED") -> PASSED | J84: 2023-2024 | K84: SECOND
A85: Alex Morales | B85: Database Systems | C85: 99 | D85: 91 | E85: 89 | F85: 92 | G85: =AVERAGE(C85:F85) -> 92.75 | H85: =IF(G85>=96,1,IF(G85>=94,1.25,IF(G85>=91,1.5,IF(G85>=89,1.75,IF(G85>=86,2,IF(G85>=83,2.25,IF(G85>=80,2.5,IF(G85>=77,2.75,IF(G85>=75,3,5))))))))) -> 1.5 | I85: =IF(H85<=3,"PASSED","FAILED") -> PASSED | J85: 2023-2024 | K85: FIRST
A86: Alex Morales | B86: Discrete Mathematics | C86: 92 | D86: 79 | E86: 93 | F86: 93 | G86: =AVERAGE(C86:F86) -> 89.25 | H86: =IF(G86>=96,1,IF(G86>=94,1.25,IF(G86>=91,1.5,IF(G86>=89,1.75,IF(G86>=86,2,IF(G86>=83,2.25,IF(G86>=80,2.5,IF(G86>=77,2.75,IF(G86>=75,3,5))))))))) -> 1.75 | I86: =IF(H86<=3,"PASSED","FAILED") -> PASSED | J86: 2025-2026 | K86: FIRST
A87: Alex Morales | B87: Introduction to Computing | C87: 84 | D87: 76 | E87: 95 | F87: 77 | G87: =AVERAGE(C87:F87) -> 83 | H87: =IF(G87>=96,1,IF(G87>=94,1.25,IF(G87>=91,1.5,IF(G87>=89,1.75,IF(G87>=86,2,IF(G87>=83,2.25,IF(G87>=80,2.5,IF(G87>=77,2.75,IF(G87>=75,3,5))))))))) -> 2.25 | I87: =IF(H87<=3,"PASSED","FAILED") -> PASSED | J87: 2023-2024 | K87: SECOND
A88: Alex Morales | B88: Mobile App Dev | C88: 98 | D88: 75 | E88: 85 | F88: 81 | G88: =AVERAGE(C88:F88) -> 84.75 | H88: =IF(G88>=96,1,IF(G88>=94,1.25,IF(G88>=91,1.5,IF(G88>=89,1.75,IF(G88>=86,2,IF(G88>=83,2.25,IF(G88>=80,2.5,IF(G88>=77,2.75,IF(G88>=75,3,5))))))))) -> 2.25 | I88: =IF(H88<=3,"PASSED","FAILED") -> PASSED | J88: 2024-2025 | K88: SECOND
A89: Alex Morales | B89: Programming 1 | C89: 94 | D89: 91 | E89: 83 | F89: 77 | G89: =AVERAGE(C89:F89) -> 86.25 | H89: =IF(G89>=96,1,IF(G89>=94,1.25,IF(G89>=91,1.5,IF(G89>=89,1.75,IF(G89>=86,2,IF(G89>=83,2.25,IF(G89>=80,2.5,IF(G89>=77,2.75,IF(G89>=75,3,5))))))))) -> 2 | I89: =IF(H89<=3,"PASSED","FAILED") -> PASSED | J89: 2024-2025 | K89: FIRST
A90: Alex Morales | B90: Software Engineering | C90: 79 | D90: 92 | E90: 85 | F90: 93 | G90: 87.25 | H90: =IF(G90>=96,1,IF(G90>=94,1.25,IF(G90>=91,1.5,IF(G90>=89,1.75,IF(G90>=86,2,IF(G90>=83,2.25,IF(G90>=80,2.5,IF(G90>=77,2.75,IF(G90>=75,3,5))))))))) -> 2 | I90: PASSED | J90: 2023-2024 | K90: FIRST
A91: Alex Morales | B91: Web Development | C91: 79 | D91: 92 | E91: 85 | F91: 93 | G91: 87.25 | H91: =IF(G91>=96,1,IF(G91>=94,1.25,IF(G91>=91,1.5,IF(G91>=89,1.75,IF(G91>=86,2,IF(G91>=83,2.25,IF(G91>=80,2.5,IF(G91>=77,2.75,IF(G91>=75,3,5))))))))) -> 2 | I91: PASSED | J91: 2023-2024 | K91: FIRST
A92: =IFERROR(Students!B17, "Student Not Found") -> Alex Perez | B92: Artificial Intelligence | C92: 82 | D92: 83 | E92: 91 | F92: 98 | G92: =AVERAGE(C92:F92) -> 88.5 | H92: =IF(G92>=96,1,IF(G92>=94,1.25,IF(G92>=91,1.5,IF(G92>=89,1.75,IF(G92>=86,2,IF(G92>=83,2.25,IF(G92>=80,2.5,IF(G92>=77,2.75,IF(G92>=75,3,5))))))))) -> 2 | I92: =IF(H92<=3,"PASSED","FAILED") -> PASSED | J92: 2024-2025 | K92: SECOND
A93: Alex Perez | B93: Data Structures | C93: 98 | D93: 81 | E93: 84 | F93: 76 | G93: =AVERAGE(C93:F93) -> 84.75 | H93: =IF(G93>=96,1,IF(G93>=94,1.25,IF(G93>=91,1.5,IF(G93>=89,1.75,IF(G93>=86,2,IF(G93>=83,2.25,IF(G93>=80,2.5,IF(G93>=77,2.75,IF(G93>=75,3,5))))))))) -> 2.25 | I93: =IF(H93<=3,"PASSED","FAILED") -> PASSED | J93: 2023-2024 | K93: SECOND
A94: Alex Perez | B94: Database Systems | C94: 97 | D94: 86 | E94: 97 | F94: 99 | G94: =AVERAGE(C94:F94) -> 94.75 | H94: =IF(G94>=96,1,IF(G94>=94,1.25,IF(G94>=91,1.5,IF(G94>=89,1.75,IF(G94>=86,2,IF(G94>=83,2.25,IF(G94>=80,2.5,IF(G94>=77,2.75,IF(G94>=75,3,5))))))))) -> 1.25 | I94: =IF(H94<=3,"PASSED","FAILED") -> PASSED | J94: 2024-2025 | K94: FIRST
A95: Alex Perez | B95: Discrete Mathematics | C95: 86 | D95: 94 | E95: 98 | F95: 95 | G95: =AVERAGE(C95:F95) -> 93.25 | H95: =IF(G95>=96,1,IF(G95>=94,1.25,IF(G95>=91,1.5,IF(G95>=89,1.75,IF(G95>=86,2,IF(G95>=83,2.25,IF(G95>=80,2.5,IF(G95>=77,2.75,IF(G95>=75,3,5))))))))) -> 1.5 | I95: =IF(H95<=3,"PASSED","FAILED") -> PASSED | J95: 2023-2024 | K95: FIRST
A96: Alex Perez | B96: Introduction to Computing | C96: 80 | D96: 92 | E96: 75 | F96: 89 | G96: =AVERAGE(C96:F96) -> 84 | H96: =IF(G96>=96,1,IF(G96>=94,1.25,IF(G96>=91,1.5,IF(G96>=89,1.75,IF(G96>=86,2,IF(G96>=83,2.25,IF(G96>=80,2.5,IF(G96>=77,2.75,IF(G96>=75,3,5))))))))) -> 2.25 | I96: =IF(H96<=3,"PASSED","FAILED") -> PASSED | J96: 2023-2024 | K96: FIRST
A97: Alex Perez | B97: Mobile App Dev | C97: 99 | D97: 90 | E97: 98 | F97: 87 | G97: =AVERAGE(C97:F97) -> 93.5 | H97: =IF(G97>=96,1,IF(G97>=94,1.25,IF(G97>=91,1.5,IF(G97>=89,1.75,IF(G97>=86,2,IF(G97>=83,2.25,IF(G97>=80,2.5,IF(G97>=77,2.75,IF(G97>=75,3,5))))))))) -> 1.5 | I97: =IF(H97<=3,"PASSED","FAILED") -> PASSED | J97: 2023-2024 | K97: FIRST
A98: Alex Perez | B98: Programming 1 | C98: 98 | D98: 75 | E98: 78 | F98: 90 | G98: =AVERAGE(C98:F98) -> 85.25 | H98: =IF(G98>=96,1,IF(G98>=94,1.25,IF(G98>=91,1.5,IF(G98>=89,1.75,IF(G98>=86,2,IF(G98>=83,2.25,IF(G98>=80,2.5,IF(G98>=77,2.75,IF(G98>=75,3,5))))))))) -> 2.25 | I98: =IF(H98<=3,"PASSED","FAILED") -> PASSED | J98: 2023-2024 | K98: SECOND
A99: Alex Perez | B99: Software Engineering | C99: 89 | D99: 79 | E99: 94 | F99: 99 | G99: 90.25 | H99: =IF(G99>=96,1,IF(G99>=94,1.25,IF(G99>=91,1.5,IF(G99>=89,1.75,IF(G99>=86,2,IF(G99>=83,2.25,IF(G99>=80,2.5,IF(G99>=77,2.75,IF(G99>=75,3,5))))))))) -> 1.75 | I99: PASSED | J99: 2023-2024 | K99: FIRST
A100: Alex Perez | B100: Web Development | C100: 89 | D100: 79 | E100: 94 | F100: 99 | G100: 90.25 | H100: =IF(G100>=96,1,IF(G100>=94,1.25,IF(G100>=91,1.5,IF(G100>=89,1.75,IF(G100>=86,2,IF(G100>=83,2.25,IF(G100>=80,2.5,IF(G100>=77,2.75,IF(G100>=75,3,5))))))))) -> 1.75 | I100: PASSED | J100: 2023-2024 | K100: FIRST
...
